Date,Index
1/1/1991,100.00
2/1/1991,100.40
3/1/1991,100.45
4/1/1991,100.29
5/1/1991,100.34
6/1/1991,100.48
7/1/1991,100.50
8/1/1991,100.33
9/1/1991,100.59
10/1/1991,100.87
11/1/1991,101.34
12/1/1991,101.83
1/1/1992,102.20
2/1/1992,102.94
3/1/1992,102.78
4/1/1992,102.50
5/1/1992,102.54
6/1/1992,102.46
7/1/1992,102.83
8/1/1992,103.26
9/1/1992,103.66
10/1/1992,103.97
11/1/1992,104.23
12/1/1992,104.15
1/1/1993,104.21
2/1/1993,104.00
3/1/1993,104.31
4/1/1993,104.97
5/1/1993,105.19
6/1/1993,105.56
7/1/1993,105.61
8/1/1993,106.02
9/1/1993,106.40
10/1/1993,106.61
11/1/1993,106.94
12/1/1993,107.47
1/1/1994,107.75
2/1/1994,107.93
3/1/1994,108.31
4/1/1994,108.60
5/1/1994,108.98
6/1/1994,109.17
7/1/1994,109.30
8/1/1994,109.59
9/1/1994,109.64
10/1/1994,109.90
11/1/1994,110.10
12/1/1994,110.13
1/1/1995,110.44
2/1/1995,111.05
3/1/1995,110.87
4/1/1995,111.15
5/1/1995,111.30
6/1/1995,111.67
7/1/1995,112.18
8/1/1995,112.47
9/1/1995,112.71
10/1/1995,112.78
11/1/1995,112.99
12/1/1995,113.47
1/1/1996,113.89
2/1/1996,114.05
3/1/1996,114.47
4/1/1996,114.70
5/1/1996,114.96
6/1/1996,115.08
7/1/1996,115.46
8/1/1996,115.49
9/1/1996,115.77
10/1/1996,115.88
11/1/1996,116.19
12/1/1996,116.59
1/1/1997,116.72
2/1/1997,117.01
3/1/1997,117.45
4/1/1997,117.67
5/1/1997,118.13
6/1/1997,118.18
7/1/1997,118.47
8/1/1997,118.96
9/1/1997,119.11
10/1/1997,119.70
11/1/1997,120.05
12/1/1997,120.47
1/1/1998,120.93
2/1/1998,121.80
3/1/1998,122.18
4/1/1998,122.72
5/1/1998,123.22
6/1/1998,123.99
7/1/1998,124.34
8/1/1998,124.86
9/1/1998,125.66
10/1/1998,126.19
11/1/1998,127.02
12/1/1998,127.59
1/1/1999,128.29
2/1/1999,128.86
3/1/1999,129.40
4/1/1999,130.02
5/1/1999,130.80
6/1/1999,131.37
7/1/1999,132.12
8/1/1999,132.94
9/1/1999,133.33
10/1/1999,134.10
11/1/1999,134.65
12/1/1999,135.32
1/1/2000,136.89
2/1/2000,136.76
3/1/2000,137.78
4/1/2000,138.74
5/1/2000,139.29
6/1/2000,140.24
7/1/2000,140.97
8/1/2000,141.54
9/1/2000,142.38
10/1/2000,143.18
11/1/2000,144.06
12/1/2000,144.93
1/1/2001,145.86
2/1/2001,146.85
3/1/2001,147.62
4/1/2001,148.48
5/1/2001,149.10
6/1/2001,149.84
7/1/2001,150.66
8/1/2001,151.40
9/1/2001,152.22
10/1/2001,153.11
11/1/2001,153.63
12/1/2001,154.59
1/1/2002,155.45
2/1/2002,156.39
3/1/2002,157.34
4/1/2002,158.20
5/1/2002,159.26
6/1/2002,160.24
7/1/2002,161.28
8/1/2002,162.29
9/1/2002,163.28
10/1/2002,164.47
11/1/2002,165.40
12/1/2002,166.58
1/1/2003,167.58
2/1/2003,168.67
3/1/2003,169.21
4/1/2003,170.24
5/1/2003,171.17
6/1/2003,171.93
7/1/2003,173.25
8/1/2003,174.53
9/1/2003,175.91
10/1/2003,176.96
11/1/2003,178.37
12/1/2003,179.79
1/1/2004,180.96
2/1/2004,182.39
3/1/2004,183.66
4/1/2004,185.19
5/1/2004,186.94
6/1/2004,188.87
7/1/2004,190.43
8/1/2004,191.79
9/1/2004,193.27
10/1/2004,194.69
11/1/2004,196.50
12/1/2004,198.19
1/1/2005,199.58
2/1/2005,201.10
3/1/2005,203.12
4/1/2005,204.89
5/1/2005,206.58
6/1/2005,208.36
7/1/2005,210.45
8/1/2005,212.00
9/1/2005,213.91
10/1/2005,215.14
11/1/2005,216.58
12/1/2005,217.85
1/1/2006,219.15
2/1/2006,219.63
3/1/2006,220.48
4/1/2006,220.87
5/1/2006,221.45
6/1/2006,221.38
7/1/2006,221.27
8/1/2006,221.83
9/1/2006,221.80
10/1/2006,222.06
11/1/2006,222.73
12/1/2006,222.76
1/1/2007,223.57
2/1/2007,223.66
3/1/2007,224.48
4/1/2007,224.53
5/1/2007,223.39
6/1/2007,222.55
7/1/2007,221.42
8/1/2007,220.43
9/1/2007,219.51
10/1/2007,217.68
11/1/2007,216.21
12/1/2007,215.12
1/1/2008,213.39
2/1/2008,211.99
3/1/2008,210.13
4/1/2008,207.85
5/1/2008,205.45
6/1/2008,204.15
7/1/2008,202.27
8/1/2008,200.23
9/1/2008,198.38
10/1/2008,196.69
11/1/2008,193.14
12/1/2008,192.72
1/1/2009,194.27
2/1/2009,194.52
3/1/2009,192.14
4/1/2009,190.92
5/1/2009,190.88
6/1/2009,190.80
7/1/2009,190.22
8/1/2009,189.89
9/1/2009,189.67
10/1/2009,190.04
11/1/2009,190.61
12/1/2009,188.93
1/1/2010,189.03
2/1/2010,188.13
3/1/2010,187.84
4/1/2010,188.16
5/1/2010,188.12
6/1/2010,186.14
7/1/2010,185.00
8/1/2010,184.87
9/1/2010,183.08
10/1/2010,183.36
11/1/2010,182.70
12/1/2010,181.45
1/1/2011,180.33
2/1/2011,178.73
3/1/2011,176.80
4/1/2011,177.18
5/1/2011,176.74
6/1/2011,177.19
7/1/2011,177.54
8/1/2011,177.12
9/1/2011,178.10
10/1/2011,177.26
11/1/2011,177.85
12/1/2011,178.32
1/1/2012,177.69
2/1/2012,178.30
3/1/2012,179.72
4/1/2012,180.57
5/1/2012,181.68
6/1/2012,182.36
7/1/2012,182.70
8/1/2012,184.03
9/1/2012,184.65
10/1/2012,185.54
11/1/2012,186.50
12/1/2012,187.39
1/1/2013,188.88
2/1/2013,190.00
3/1/2013,191.93
4/1/2013,192.78
5/1/2013,194.33
6/1/2013,195.55
7/1/2013,196.58
8/1/2013,197.18
9/1/2013,198.16
10/1/2013,198.72
11/1/2013,198.78
12/1/2013,200.00
1/1/2014,200.90
2/1/2014,201.65
3/1/2014,202.17
4/1/2014,202.82
5/1/2014,203.20
6/1/2014,204.26
7/1/2014,205.05
8/1/2014,205.86
9/1/2014,206.09
10/1/2014,207.16
11/1/2014,208.24
12/1/2014,209.47
1/1/2015,209.86
2/1/2015,211.35
3/1/2015,211.98
4/1/2015,212.84
5/1/2015,214.00
6/1/2015,214.89
7/1/2015,215.83
8/1/2015,216.33
9/1/2015,217.37
10/1/2015,218.57
11/1/2015,219.62
12/1/2015,220.60
1/1/2016,221.70
2/1/2016,221.79
3/1/2016,223.40
4/1/2016,224.53
5/1/2016,225.54
6/1/2016,226.76
7/1/2016,227.90
8/1/2016,228.99
9/1/2016,230.32
10/1/2016,231.51
11/1/2016,232.44
12/1/2016,233.86
1/1/2017,234.12
2/1/2017,235.38
3/1/2017,236.79
4/1/2017,238.56
5/1/2017,239.71
6/1/2017,240.64
7/1/2017,241.84
8/1/2017,243.43
9/1/2017,244.55
10/1/2017,245.52
11/1/2017,247.20
12/1/2017,248.32
1/1/2018,250.19
2/1/2018,251.86
3/1/2018,252.73
4/1/2018,253.39
5/1/2018,254.59
6/1/2018,255.67
7/1/2018,256.66
8/1/2018,257.97
9/1/2018,258.42
10/1/2018,259.28
11/1/2018,260.84
12/1/2018,261.61
1/1/2019,263.12
2/1/2019,263.78
3/1/2019,264.65
4/1/2019,265.90
5/1/2019,267.08
6/1/2019,268.07
7/1/2019,269.11
8/1/2019,270.18
9/1/2019,271.74
10/1/2019,273.19
11/1/2019,274.83
12/1/2019,277.13
1/1/2020,278.86
2/1/2020,280.77
3/1/2020,281.23
4/1/2020,281.59
5/1/2020,280.56
6/1/2020,283.62
7/1/2020,287.67
8/1/2020,292.68
9/1/2020,297.40
10/1/2020,302.00
11/1/2020,305.60
12/1/2020,309.69
1/1/2021,313.40
2/1/2021,316.12
3/1/2021,320.75
4/1/2021,325.46
5/1/2021,330.88
6/1/2021,336.87
7/1/2021,341.98
8/1/2021,346.04
9/1/2021,349.57
10/1/2021,354.02
11/1/2021,359.02
12/1/2021,364.06
1/1/2022,369.50
2/1/2022,374.80
3/1/2022,379.29
4/1/2022,383.92
5/1/2022,387.42
6/1/2022,388.31
7/1/2022,386.54
8/1/2022,384.98
9/1/2022,385.89
10/1/2022,386.40
11/1/2022,386.57
12/1/2022,386.86
1/1/2023,388.23
2/1/2023,390.67
3/1/2023,392.57
4/1/2023,394.65
5/1/2023,397.82
6/1/2023,400.11
7/1/2023,403.70
8/1/2023,406.44
9/1/2023,408.68
10/1/2023,410.20
11/1/2023,411.85
12/1/2023,413.23
1/1/2024,413.35
2/1/2024,418.00
3/1/2024,418.48
4/1/2024,420.35
5/1/2024,420.88
6/1/2024,421.75
7/1/2024,423.00
8/1/2024,424.83
9/1/2024,427.61
10/1/2024,429.28
11/1/2024,431.54
12/1/2024,433.58
1/1/2025,435.02
2/1/2025,435.27
3/1/2025,435.56
4/1/2025,434.23
5/1/2025,434.16
6/1/2025,433.64
7/1/2025,433.64
8/1/2025,435.51
9/1/2025,435.22
10/1/2025,436.75
